1;title;Work it;2019-04-15 00:00:00.000000;2;\N
2;title;Work it;2019-04-15 00:00:00.000000;1;\N
3;title3;Work it3?;2019-04-17 00:00:00.000000;3;\N
4;title4;Work it4?;2019-04-17 00:00:00.000000;4;\N
5;title5;Work it5?;2019-04-17 00:00:00.000000;10;\N
6;title6;Work it6?;2019-04-17 00:00:00.000000;5;\N
7;title7;Work it7?;2019-04-17 00:00:00.000000;34;\N
8;title8;Work it8?;2019-04-17 00:00:00.000000;20;\N
9;title9;Work it9?;2019-04-17 00:00:00.000000;33;\N
10;title10;Work it10?;2019-04-17 00:00:00.000000;16;\N
11;title11;Work it11?;2019-04-17 00:00:00.000000;22;\N
12;title12;Work it12?;2019-04-17 00:00:00.000000;50;\N
13;title13;Work it13?;2019-04-17 00:00:00.000000;9;\N
14;title14;Work it14?;2019-04-17 00:00:00.000000;11;\N
15;title15;Work it15?;2019-04-17 00:00:00.000000;14;\N
